Workbook

Sheet S1_Individual_qPCR
A1: Sample ID | B1: Group | C1: Run | D1: RPL13A Ct1 | E1: RPL13A Ct2 | F1: RPL13A Ct3 | G1: RPL13A Mean Ct | H1: RPL13A Ct SD | I1: CD53 Ct1 | J1: CD53 Ct2 | K1: CD53 Ct3 | L1: CD53 Mean Ct | M1: CD53 Ct SD | N1: ΔCt (CD53−RPL13A) | O1: ΔΔCt vs Healthy mean | P1: Relative expression (2^-ΔΔCt) | Q1: Gene | R1: Forward primer (5′–3′) | S1: Reverse primer (5′–3′) | T1: Amplicon
A2: 1 | B2: TNBC | C2: Run 1 | D2: 23.92 | E2: 24.11 | F2: 24.2 | G2: =AVERAGE(D2:F2) -> 24.076667 | H2: =_xludf.STDEV.S(D2:F2) -> #NAME? | I2: 24.04 | J2: 23.92 | K2: 23.93 | L2: =AVERAGE(I2:K2) -> 23.963333 | M2: =_xludf.STDEV.S(I2:K2) -> #NAME? | N2: =L2-G2 -> -0.11333333 | O2: =N2-Summary!$B$5 -> 0.43722222 | P2: =POWER(2,-O2) -> 0.73855526 | Q2: CD53 | R2: GGTCTTGAAGGACACTGGGA | S2: TTCCTCAGTCCTTTCGGCAG | T2: 111 bp
A3: 2 | B3: TNBC | C3: Run 1 | D3: 25.13 | E3: 25.16 | F3: 25.43 | G3: =AVERAGE(D3:F3) -> 25.24 | H3: =_xludf.STDEV.S(D3:F3) -> #NAME? | I3: 26.65 | J3: 26.63 | K3: 26.05 | L3: =AVERAGE(I3:K3) -> 26.443333 | M3: =_xludf.STDEV.S(I3:K3) -> #NAME? | N3: =L3-G3 -> 1.2033333 | O3: =N3-Summary!$B$5 -> 1.7538889 | P3: =POWER(2,-O3) -> 0.29650146 | Q3: RPL13A | R3: CGTGGCTAAACAGTGAAGTACC | S3: GTTTTGTGGGGCAGCATACC | T3: 134 bp
A4: 3 | B4: TNBC | C4: Run 1 | D4: 24.59 | E4: 24.57 | F4: 25.15 | G4: =AVERAGE(D4:F4) -> 24.77 | H4: =_xludf.STDEV.S(D4:F4) -> #NAME? | I4: 25.97 | J4: 25.54 | K4: 26.06 | L4: =AVERAGE(I4:K4) -> 25.856667 | M4: =_xludf.STDEV.S(I4:K4) -> #NAME? | N4: =L4-G4 -> 1.0866667 | O4: =N4-Summary!$B$5 -> 1.6372222 | P4: =POWER(2,-O4) -> 0.32147485
A5: 4 | B5: TNBC | C5: Run 1 | D5: 24.78 | E5: 24.74 | F5: 24.91 | G5: =AVERAGE(D5:F5) -> 24.81 | H5: =_xludf.STDEV.S(D5:F5) -> #NAME? | I5: 28.98 | J5: 27.75 | K5: 27.57 | L5: =AVERAGE(I5:K5) -> 28.1 | M5: =_xludf.STDEV.S(I5:K5) -> #NAME? | N5: =L5-G5 -> 3.29 | O5: =N5-Summary!$B$5 -> 3.8405556 | P5: =POWER(2,-O5) -> 0.069803561
A6: 5 | B6: TNBC | C6: Run 1 | D6: 23.43 | E6: 23.45 | F6: 24.01 | G6: =AVERAGE(D6:F6) -> 23.63 | H6: =_xludf.STDEV.S(D6:F6) -> #NAME? | I6: 25.25 | J6: 25.22 | K6: 25.19 | L6: =AVERAGE(I6:K6) -> 25.22 | M6: =_xludf.STDEV.S(I6:K6) -> #NAME? | N6: =L6-G6 -> 1.59 | O6: =N6-Summary!$B$5 -> 2.1405556 | P6: =POWER(2,-O6) -> 0.22679244
A7: 6 | B7: TNBC | C7: Run 1 | D7: 23.91 | E7: 23.79 | F7: 23.89 | G7: =AVERAGE(D7:F7) -> 23.863333 | H7: =_xludf.STDEV.S(D7:F7) -> #NAME? | I7: 24.66 | J7: 24.87 | K7: 24.74 | L7: =AVERAGE(I7:K7) -> 24.756667 | M7: =_xludf.STDEV.S(I7:K7) -> #NAME? | N7: =L7-G7 -> 0.89333333 | O7: =N7-Summary!$B$5 -> 1.4438889 | P7: =POWER(2,-O7) -> 0.36757514
A8: 7 | B8: TNBC | C8: Run 1 | D8: 26.99 | E8: 26.65 | F8: 26.7 | G8: =AVERAGE(D8:F8) -> 26.78 | H8: =_xludf.STDEV.S(D8:F8) -> #NAME? | I8: 25.95 | J8: 26 | K8: 26 | L8: =AVERAGE(I8:K8) -> 25.983333 | M8: =_xludf.STDEV.S(I8:K8) -> #NAME? | N8: =L8-G8 -> -0.79666667 | O8: =N8-Summary!$B$5 -> -0.24611111 | P8: =POWER(2,-O8) -> 1.1860058
A9: 8 | B9: TNBC | C9: Run 1 | D9: 25.36 | E9: 25.51 | F9: 25.41 | G9: =AVERAGE(D9:F9) -> 25.426667 | H9: =_xludf.STDEV.S(D9:F9) -> #NAME? | I9: 24.69 | J9: 24.94 | K9: 25.14 | L9: =AVERAGE(I9:K9) -> 24.923333 | M9: =_xludf.STDEV.S(I9:K9) -> #NAME? | N9: =L9-G9 -> -0.50333333 | O9: =N9-Summary!$B$5 -> 0.047222222 | P9: =POWER(2,-O9) -> 0.96779794
A10: 9 | B10: TNBC | C10: Run 2 | D10: 26.02 | E10: 26.12 | F10: 26.39 | G10: =AVERAGE(D10:F10) -> 26.176667 | H10: =_xludf.STDEV.S(D10:F10) -> #NAME? | I10: 28.04 | J10: 28.33 | K10: 25.29 | L10: =AVERAGE(I10:K10) -> 27.22 | M10: =_xludf.STDEV.S(I10:K10) -> #NAME? | N10: =L10-G10 -> 1.0433333 | O10: =N10-Summary!$B$5 -> 1.5938889 | P10: =POWER(2,-O10) -> 0.33127727
A11: 10 | B11: TNBC | C11: Run 2 | D11: 24.09 | E11: 23.99 | F11: 24.15 | G11: =AVERAGE(D11:F11) -> 24.076667 | H11: =_xludf.STDEV.S(D11:F11) -> #NAME? | I11: 26.18 | J11: 26.48 | K11: 26.08 | L11: =AVERAGE(I11:K11) -> 26.246667 | M11: =_xludf.STDEV.S(I11:K11) -> #NAME? | N11: =L11-G11 -> 2.17 | O11: =N11-Summary!$B$5 -> 2.7205556 | P11: =POWER(2,-O11) -> 0.15171593
A12: 11 | B12: TNBC | C12: Run 2 | D12: 24.69 | E12: 27.53 | F12: 25.73 | G12: =AVERAGE(D12:F12) -> 25.983333 | H12: =_xludf.STDEV.S(D12:F12) -> #NAME? | I12: 27.29 | J12: 27.31 | K12: 26.69 | L12: =AVERAGE(I12:K12) -> 27.096667 | M12: =_xludf.STDEV.S(I12:K12) -> #NAME? | N12: =L12-G12 -> 1.1133333 | O12: =N12-Summary!$B$5 -> 1.6638889 | P12: =POWER(2,-O12) -> 0.31558731
A13: 12 | B13: TNBC | C13: Run 2 | D13: 24.02 | E13: 23.76 | F13: 23.86 | G13: =AVERAGE(D13:F13) -> 23.88 | H13: =_xludf.STDEV.S(D13:F13) -> #NAME? | I13: 27.97 | J13: 27.44 | K13: 26.95 | L13: =AVERAGE(I13:K13) -> 27.453333 | M13: =_xludf.STDEV.S(I13:K13) -> #NAME? | N13: =L13-G13 -> 3.5733333 | O13: =N13-Summary!$B$5 -> 4.1238889 | P13: =POWER(2,-O13) -> 0.05735691
A14: A | B14: Healthy | C14: Run 1 | D14: 23.67 | E14: 24.28 | F14: 24.1 | G14: =AVERAGE(D14:F14) -> 24.016667 | H14: =_xludf.STDEV.S(D14:F14) -> #NAME? | I14: 23.07 | J14: 22.77 | K14: 23.32 | L14: =AVERAGE(I14:K14) -> 23.053333 | M14: =_xludf.STDEV.S(I14:K14) -> #NAME? | N14: =L14-G14 -> -0.96333333 | O14: =N14-Summary!$B$5 -> -0.41277778 | P14: =POWER(2,-O14) -> 1.3312465
A15: B | B15: Healthy | C15: Run 1 | D15: 25.33 | E15: 25.12 | F15: 24.8 | G15: =AVERAGE(D15:F15) -> 25.083333 | H15: =_xludf.STDEV.S(D15:F15) -> #NAME? | I15: 22.24 | J15: 22.16 | K15: 22.19 | L15: =AVERAGE(I15:K15) -> 22.196667 | M15: =_xludf.STDEV.S(I15:K15) -> #NAME? | N15: =L15-G15 -> -2.8866667 | O15: =N15-Summary!$B$5 -> -2.3361111 | P15: =POWER(2,-O15) -> 5.049397
... A25: L | B25: Healthy | C25: Run 2 | D25: 23.72 | E25: 23.51 | F25: 23.51 | G25: =AVERAGE(D25:F25) -> 23.58 | H25: =_xludf.STDEV.S(D25:F25) -> #NAME? | I25: 25.84 | J25: 25.83 | K25: 25.74 | L25: =AVERAGE(I25:K25) -> 25.803333 | M25: =_xludf.STDEV.S(I25:K25) -> #NAME? | N25: =L25-G25 -> 2.2233333 | O25: =N25-Summary!$B$5 -> 2.7738889 | P25: =POWER(2,-O25) -> 0.14620972

Sheet Summary
A1: Metric | B1: Value
A2: TNBC n | B2: 12
A3: Healthy n | B3: 12
A4: TNBC mean ΔCt | B4: 1.2125
A5: Healthy mean ΔCt | B5: -0.55055556
A6: Group ΔΔCt (TNBC−Healthy) | B6: 1.7630556
A7: Group fold change (TNBC/Healthy) | B7: 0.29462351

Sheet S2_Technical_QC
A1: Sample ID | B1: Group | C1: Gene | D1: Ct1 | E1: Ct2 | F1: Ct3 | G1: Mean Ct | H1: Ct SD | I1: Ct range
A2: 1 | B2: TNBC | C2: RPL13A | D2: 23.92 | E2: 24.11 | F2: 24.2 | G2: 24.076667 | H2: 0.14294521 | I2: 0.28
A3: 1 | B3: TNBC | C3: CD53 | D3: 24.04 | E3: 23.92 | F3: 23.93 | G3: 23.963333 | H3: 0.066583281 | I3: 0.12
A4: 2 | B4: TNBC | C4: RPL13A | D4: 25.13 | E4: 25.16 | F4: 25.43 | G4: 25.24 | H4: 0.16522712 | I4: 0.3
A5: 2 | B5: TNBC | C5: CD53 | D5: 26.65 | E5: 26.63 | F5: 26.05 | G5: 26.443333 | H5: 0.34078341 | I5: 0.6
A6: 3 | B6: TNBC | C6: RPL13A | D6: 24.59 | E6: 24.57 | F6: 25.15 | G6: 24.77 | H6: 0.32924155 | I6: 0.58
A7: 3 | B7: TNBC | C7: CD53 | D7: 25.97 | E7: 25.54 | F7: 26.06 | G7: 25.856667 | H7: 0.27790886 | I7: 0.52
A8: 4 | B8: TNBC | C8: RPL13A | D8: 24.78 | E8: 24.74 | F8: 24.91 | G8: 24.81 | H8: 0.088881944 | I8: 0.17
A9: 4 | B9: TNBC | C9: CD53 | D9: 28.98 | E9: 27.75 | F9: 27.57 | G9: 28.1 | H9: 0.7673982 | I9: 1.41
A10: 5 | B10: TNBC | C10: RPL13A | D10: 23.43 | E10: 23.45 | F10: 24.01 | G10: 23.63 | H10: 0.32924155 | I10: 0.58
A11: 5 | B11: TNBC | C11: CD53 | D11: 25.25 | E11: 25.22 | F11: 25.19 | G11: 25.22 | H11: 0.03 | I11: 0.06
A12: 6 | B12: TNBC | C12: RPL13A | D12: 23.91 | E12: 23.79 | F12: 23.89 | G12: 23.863333 | H12: 0.064291005 | I12: 0.12
A13: 6 | B13: TNBC | C13: CD53 | D13: 24.66 | E13: 24.87 | F13: 24.74 | G13: 24.756667 | H13: 0.10598742 | I13: 0.21
... A49: L | B49: Healthy | C49: CD53 | D49: 25.84 | E49: 25.83 | F49: 25.74 | G49: 25.803333 | H49: 0.055075705 | I49: 0.1

Sheet Read_me
A1: Supplementary dataset | B1: CD53 RT-qPCR in PBMCs: TNBC vs Healthy controls
A2: Biological samples | B2: TNBC 1–12; Healthy A–L
A3: Reference gene | B3: RPL13A
A4: Target gene | B4: CD53
A5: Technical replicates | B5: 3 Ct values per gene per biological sample
A6: ΔCt definition | B6: Mean Ct(CD53) − Mean Ct(RPL13A)
A7: ΔΔCt definition | B7: Individual ΔCt − mean ΔCt of all Healthy controls
A8: Relative expression | B8: 2^(-ΔΔCt)
